<?xml version="1.0" encoding="UTF-8"?>
<!DOCTYPE module PUBLIC "-//NetBeans//DTD Module Status 1.0//EN"
                        "http://www.netbeans.org/dtds/module-status-1_0.dtd">
<module name="org.netbeans.modules.editor.deprecated.pre61settings">
    <param name="autoload">true</param>
    <param name="eager">false</param>
    <param name="jar">modules/org-netbeans-modules-editor-deprecated-pre61settings.jar</param>
    <param name="release">0</param>
    <param name="reloadable">false</param>
    <param name="specversion">1.5.1.1.3.9.2</param>
</module>
