<?xml version="1.0" encoding="UTF-8"?>
<!DOCTYPE module PUBLIC "-//NetBeans//DTD Module Status 1.0//EN"
                        "http://www.netbeans.org/dtds/module-status-1_0.dtd">
<module name="org.netbeans.spi.editor.hints">
    <param name="autoload">false</param>
    <param name="eager">false</param>
    <param name="enabled">true</param>
    <param name="jar">modules/org-netbeans-spi-editor-hints.jar</param>
    <param name="release">0</param>
    <param name="reloadable">false</param>
    <param name="specversion">1.10.2.7.2</param>
</module>
