<?xml version="1.0" encoding="UTF-8"?>
<!DOCTYPE module PUBLIC "-//NetBeans//DTD Module Status 1.0//EN"
                        "http://www.netbeans.org/dtds/module-status-1_0.dtd">
<module name="org.netbeans.modules.jellytools.ide">
    <param name="autoload">true</param>
    <param name="eager">false</param>
    <param name="jar">modules/org-netbeans-modules-jellytools-ide.jar</param>
    <param name="release">3</param>
    <param name="reloadable">false</param>
    <param name="specversion">3.2.1.1</param>
</module>
