<?xml version="1.0" encoding="UTF-8"?>
<!DOCTYPE module PUBLIC "-//NetBeans//DTD Module Status 1.0//EN"
                        "http://www.netbeans.org/dtds/module-status-1_0.dtd">
<module name="org.mozilla.rhino.patched">
    <param name="autoload">true</param>
    <param name="eager">false</param>
    <param name="jar">modules/org-mozilla-rhino-patched.jar</param>
    <param name="release">1</param>
    <param name="reloadable">false</param>
    <param name="specversion">1.107.1</param>
</module>
