<?xml version="1.0" encoding="UTF-8" standalone="no"?>
<module codename="org.netbeans.spi.editor.hints/0">
    <module_version install_time="1259966106248" last="false" origin="installer" specification_version="1.10.1.7.2">
        <file crc="1977634215" name="config/Modules/org-netbeans-spi-editor-hints.xml"/>
        <file crc="2096671296" name="modules/org-netbeans-spi-editor-hints.jar"/>
    </module_version>
    <module_version install_time="1273416300479" last="true" origin="NetBeans" specification_version="1.10.2.7.2">
        <file crc="1875910761" name="modules/locale/org-netbeans-spi-editor-hints_ja.jar"/>
        <file crc="3570536826" name="modules/locale/org-netbeans-spi-editor-hints_pt_BR.jar"/>
        <file crc="2187554815" name="modules/locale/org-netbeans-spi-editor-hints_zh_CN.jar"/>
        <file crc="771679375" name="config/Modules/org-netbeans-spi-editor-hints.xml"/>
        <file crc="1385377029" name="modules/org-netbeans-spi-editor-hints.jar"/>
    </module_version>
</module>
