<?xml version="1.0" encoding="UTF-8" standalone="no"?>
<module codename="org.netbeans.modules.javascript.editing/1">
    <module_version install_time="1259966985025" last="false" origin="installer" specification_version="0.91.1">
        <file crc="2911325839" name="config/Modules/org-netbeans-modules-javascript-editing.xml"/>
        <file crc="2746253719" name="jsstubs/allstubs.zip"/>
        <file crc="2245282543" name="jsstubs/netbeans-index-1.119-javascript-6.115.zip"/>
        <file crc="610947138" name="jsstubs/sdocs.zip"/>
        <file crc="2940449244" name="modules/org-netbeans-modules-javascript-editing.jar"/>
    </module_version>
    <module_version install_time="1273416298850" last="true" origin="NetBeans" specification_version="0.91.2">
        <file crc="3954335042" name="modules/locale/org-netbeans-modules-javascript-editing_ja.jar"/>
        <file crc="1807404946" name="modules/locale/org-netbeans-modules-javascript-editing_pt_BR.jar"/>
        <file crc="2792121586" name="modules/locale/org-netbeans-modules-javascript-editing_zh_CN.jar"/>
        <file crc="36569925" name="config/Modules/org-netbeans-modules-javascript-editing.xml"/>
        <file crc="2698078789" name="jsstubs/allstubs.zip"/>
        <file crc="2245282543" name="jsstubs/netbeans-index-1.119-javascript-6.115.zip"/>
        <file crc="610947138" name="jsstubs/sdocs.zip"/>
        <file crc="224311814" name="modules/org-netbeans-modules-javascript-editing.jar"/>
    </module_version>
</module>
