<?xml version="1.0" encoding="UTF-8" standalone="no"?>
<module codename="org.netbeans.modules.editor.kit">
    <module_version install_time="1259965727015" last="false" origin="installer" specification_version="1.7.1">
        <file crc="3459192915" name="config/Modules/org-netbeans-modules-editor-kit.xml"/>
        <file crc="2244961928" name="modules/org-netbeans-modules-editor-kit.jar"/>
    </module_version>
    <module_version install_time="1273416300215" last="true" origin="NetBeans" specification_version="1.7.3">
        <file crc="1472474500" name="modules/locale/org-netbeans-modules-editor-kit_ja.jar"/>
        <file crc="1504832775" name="modules/locale/org-netbeans-modules-editor-kit_pt_BR.jar"/>
        <file crc="1091276715" name="modules/locale/org-netbeans-modules-editor-kit_zh_CN.jar"/>
        <file crc="81882847" name="config/Modules/org-netbeans-modules-editor-kit.xml"/>
        <file crc="1881708859" name="modules/org-netbeans-modules-editor-kit.jar"/>
    </module_version>
</module>
