<?xml version="1.0" encoding="UTF-8" standalone="no"?>
<module codename="org.netbeans.modules.html.editor/1">
    <module_version install_time="1259966924517" last="false" origin="installer" specification_version="1.17.1">
        <file crc="963875742" name="config/Modules/org-netbeans-modules-html-editor.xml"/>
        <file crc="3385998137" name="docs/html-4.01.zip"/>
        <file crc="847148466" name="modules/org-netbeans-modules-html-editor.jar"/>
    </module_version>
    <module_version install_time="1273416299924" last="true" origin="NetBeans" specification_version="1.17.2">
        <file crc="745025741" name="modules/locale/org-netbeans-modules-html-editor_ja.jar"/>
        <file crc="721867325" name="modules/locale/org-netbeans-modules-html-editor_pt_BR.jar"/>
        <file crc="3084770020" name="modules/locale/org-netbeans-modules-html-editor_zh_CN.jar"/>
        <file crc="2530926164" name="config/Modules/org-netbeans-modules-html-editor.xml"/>
        <file crc="3385998137" name="docs/html-4.01.zip"/>
        <file crc="1495815534" name="modules/org-netbeans-modules-html-editor.jar"/>
    </module_version>
</module>
