<?xml version="1.0" encoding="UTF-8" standalone="no"?>
<module codename="org.netbeans.modules.bugzilla">
    <module_version install_time="1259967690401" last="false" origin="installer" specification_version="1.4.1">
        <file crc="983122469" name="config/Modules/org-netbeans-modules-bugzilla.xml"/>
        <file crc="3197014264" name="modules/org-netbeans-modules-bugzilla.jar"/>
    </module_version>
    <module_version install_time="1273416299370" last="true" origin="NetBeans" specification_version="1.4.2">
        <file crc="3935961259" name="modules/locale/org-netbeans-modules-bugzilla_ja.jar"/>
        <file crc="1317568677" name="modules/locale/org-netbeans-modules-bugzilla_pt_BR.jar"/>
        <file crc="2868321287" name="modules/locale/org-netbeans-modules-bugzilla_zh_CN.jar"/>
        <file crc="2502954991" name="config/Modules/org-netbeans-modules-bugzilla.xml"/>
        <file crc="813379670" name="modules/org-netbeans-modules-bugzilla.jar"/>
    </module_version>
</module>
