<?xml version="1.0" encoding="UTF-8"?>
<module codename="org.netbeans.libs.jaxb/1">
    <module_version install_time="1259965696369" last="true" origin="installer" specification_version="1.8.1">
        <file crc="45217994" name="config/Modules/org-netbeans-libs-jaxb.xml"/>
        <file crc="4081386813" name="docs/jaxb-api-doc.zip"/>
        <file crc="1688154615" name="modules/ext/jaxb/jaxb-impl.jar"/>
        <file crc="3913346684" name="modules/ext/jaxb/jaxb-xjc.jar"/>
        <file crc="3940702304" name="modules/ext/jaxb/jaxb1-impl.jar"/>
        <file crc="1385875889" name="modules/org-netbeans-libs-jaxb.jar"/>
    </module_version>
</module>
