<?xml version="1.0" encoding="UTF-8" standalone="no"?>
<module codename="org.netbeans.modules.javascript.kit/1">
    <module_version install_time="1259966916257" last="false" origin="installer" specification_version="0.108.1">
        <file crc="219174465" name="config/Modules/org-netbeans-modules-javascript-kit.xml"/>
        <file crc="3640478049" name="modules/org-netbeans-modules-javascript-kit.jar"/>
    </module_version>
    <module_version install_time="1273416300823" last="true" origin="NetBeans" specification_version="0.108.2">
        <file crc="3147381148" name="modules/locale/org-netbeans-modules-javascript-kit_ja.jar"/>
        <file crc="748164444" name="modules/locale/org-netbeans-modules-javascript-kit_pt_BR.jar"/>
        <file crc="830247201" name="modules/locale/org-netbeans-modules-javascript-kit_zh_CN.jar"/>
        <file crc="2730040203" name="config/Modules/org-netbeans-modules-javascript-kit.xml"/>
        <file crc="1597458652" name="modules/org-netbeans-modules-javascript-kit.jar"/>
    </module_version>
</module>
