<?xml version="1.0" encoding="UTF-8" standalone="no"?>
<module codename="org.netbeans.modules.html/1">
    <module_version install_time="1259967006076" last="false" origin="installer" specification_version="1.28.1">
        <file crc="2746119274" name="config/Modules/org-netbeans-modules-html.xml"/>
        <file crc="883537557" name="modules/org-netbeans-modules-html.jar"/>
    </module_version>
    <module_version install_time="1273416299193" last="true" origin="NetBeans" specification_version="1.28.2">
        <file crc="336921648" name="modules/locale/org-netbeans-modules-html_ja.jar"/>
        <file crc="3406786782" name="modules/locale/org-netbeans-modules-html_pt_BR.jar"/>
        <file crc="3815787567" name="modules/locale/org-netbeans-modules-html_zh_CN.jar"/>
        <file crc="201800096" name="config/Modules/org-netbeans-modules-html.xml"/>
        <file crc="908567475" name="modules/org-netbeans-modules-html.jar"/>
    </module_version>
</module>
