<?xml version="1.0" encoding="UTF-8" standalone="no"?>
<module codename="org.netbeans.modules.glassfish.common/0">
    <module_version install_time="1259966242277" last="false" origin="installer" specification_version="1.4.1">
        <file crc="2335681380" name="config/Modules/org-netbeans-modules-glassfish-common.xml"/>
        <file crc="2036734882" name="modules/org-netbeans-modules-glassfish-common.jar"/>
    </module_version>
    <module_version install_time="1273416300638" last="true" origin="NetBeans" specification_version="1.4.2">
        <file crc="549619227" name="modules/locale/org-netbeans-modules-glassfish-common_ja.jar"/>
        <file crc="473724630" name="modules/locale/org-netbeans-modules-glassfish-common_pt_BR.jar"/>
        <file crc="3625972548" name="modules/locale/org-netbeans-modules-glassfish-common_zh_CN.jar"/>
        <file crc="614393518" name="config/Modules/org-netbeans-modules-glassfish-common.xml"/>
        <file crc="1130530082" name="modules/org-netbeans-modules-glassfish-common.jar"/>
    </module_version>
</module>
