<?xml version="1.0" encoding="UTF-8" standalone="no"?>
<module codename="org.netbeans.modules.ide.kit">
    <module_version install_time="1259967750736" last="false" origin="installer" specification_version="1.9.1">
        <file crc="1070351443" name="config/Modules/org-netbeans-modules-ide-kit.xml"/>
        <file crc="2252987447" name="modules/org-netbeans-modules-ide-kit.jar"/>
    </module_version>
    <module_version install_time="1273416300899" last="true" origin="NetBeans" specification_version="1.9.3">
        <file crc="234827901" name="modules/locale/org-netbeans-modules-ide-kit_ja.jar"/>
        <file crc="2040464009" name="modules/locale/org-netbeans-modules-ide-kit_pt_BR.jar"/>
        <file crc="1742891732" name="modules/locale/org-netbeans-modules-ide-kit_zh_CN.jar"/>
        <file crc="4110562015" name="config/Modules/org-netbeans-modules-ide-kit.xml"/>
        <file crc="2463507940" name="modules/org-netbeans-modules-ide-kit.jar"/>
    </module_version>
</module>
