<?xml version="1.0" encoding="UTF-8"?>
<module codename="org.netbeans.libs.bugtracking">
    <module_version install_time="1259965864739" last="true" origin="installer" specification_version="1.3.1.1">
        <file crc="890453673" name="config/Modules/org-netbeans-libs-bugtracking.xml"/>
        <file crc="2870023463" name="modules/ext/commons-httpclient-3.1.jar"/>
        <file crc="1083919118" name="modules/ext/commons-lang-2.3.jar"/>
        <file crc="980611462" name="modules/ext/org.eclipse.mylyn.commons.core_3.1.1.jar"/>
        <file crc="3765584789" name="modules/ext/org.eclipse.mylyn.commons.net_3.1.1.jar"/>
        <file crc="3468981869" name="modules/ext/org.eclipse.mylyn.tasks.core_3.1.1.jar"/>
        <file crc="1245671443" name="modules/org-netbeans-libs-bugtracking.jar"/>
    </module_version>
</module>
