<?xml version="1.0" encoding="UTF-8" standalone="no"?>
<module codename="org.netbeans.modules.localhistory">
    <module_version install_time="1259967494183" last="false" origin="installer" specification_version="1.7.1">
        <file crc="634540826" name="config/Modules/org-netbeans-modules-localhistory.xml"/>
        <file crc="1375403657" name="modules/org-netbeans-modules-localhistory.jar"/>
    </module_version>
    <module_version install_time="1273416300327" last="true" origin="NetBeans" specification_version="1.7.2">
        <file crc="2815196167" name="modules/locale/org-netbeans-modules-localhistory_ja.jar"/>
        <file crc="2064684344" name="modules/locale/org-netbeans-modules-localhistory_pt_BR.jar"/>
        <file crc="1439793377" name="modules/locale/org-netbeans-modules-localhistory_zh_CN.jar"/>
        <file crc="2323324624" name="config/Modules/org-netbeans-modules-localhistory.xml"/>
        <file crc="3844695084" name="modules/org-netbeans-modules-localhistory.jar"/>
    </module_version>
</module>
