<?xml version="1.0" encoding="UTF-8" standalone="no"?>
<module codename="org.netbeans.modules.parsing.api/1">
    <module_version install_time="1259966109506" last="false" origin="installer" specification_version="1.26.1.2">
        <file crc="4181304734" name="config/Modules/org-netbeans-modules-parsing-api.xml"/>
        <file crc="322646176" name="modules/org-netbeans-modules-parsing-api.jar"/>
    </module_version>
    <module_version install_time="1273416299598" last="true" origin="NetBeans" specification_version="1.26.3.2">
        <file crc="2328073067" name="modules/locale/org-netbeans-modules-parsing-api_ja.jar"/>
        <file crc="975227748" name="modules/locale/org-netbeans-modules-parsing-api_pt_BR.jar"/>
        <file crc="1227298836" name="modules/locale/org-netbeans-modules-parsing-api_zh_CN.jar"/>
        <file crc="3614010398" name="config/Modules/org-netbeans-modules-parsing-api.xml"/>
        <file crc="1685486749" name="modules/org-netbeans-modules-parsing-api.jar"/>
    </module_version>
</module>
