<?xml version="1.0" encoding="UTF-8" standalone="no"?>
<module codename="org.netbeans.modules.core.kit">
    <module_version install_time="1259965720358" last="false" origin="installer" specification_version="1.6.1">
        <file crc="2896397125" name="config/Modules/org-netbeans-modules-core-kit.xml"/>
        <file crc="2320865393" name="modules/org-netbeans-modules-core-kit.jar"/>
    </module_version>
    <module_version install_time="1273416327485" last="true" origin="NetBeans" specification_version="1.6.2">
        <file crc="1553459442" name="modules/locale/org-netbeans-modules-core-kit_ja.jar"/>
        <file crc="2843752499" name="modules/locale/org-netbeans-modules-core-kit_pt_BR.jar"/>
        <file crc="1599556355" name="modules/locale/org-netbeans-modules-core-kit_zh_CN.jar"/>
        <file crc="51039887" name="config/Modules/org-netbeans-modules-core-kit.xml"/>
        <file crc="3827980114" name="modules/org-netbeans-modules-core-kit.jar"/>
    </module_version>
</module>
