<?xml version="1.0" encoding="UTF-8" standalone="no"?>
<module codename="org.netbeans.modules.options.api/1">
    <module_version install_time="1259968612764" last="false" origin="installer" specification_version="1.16.1">
        <file crc="443053379" name="config/ModuleAutoDeps/org-netbeans-modules-options-api.xml"/>
        <file crc="523127860" name="config/Modules/org-netbeans-modules-options-api.xml"/>
        <file crc="135969030" name="modules/org-netbeans-modules-options-api.jar"/>
    </module_version>
    <module_version install_time="1273416326870" last="true" origin="NetBeans" specification_version="1.16.2">
        <file crc="1310285192" name="modules/locale/org-netbeans-modules-options-api_ja.jar"/>
        <file crc="1997767181" name="modules/locale/org-netbeans-modules-options-api_pt_BR.jar"/>
        <file crc="3592565278" name="modules/locale/org-netbeans-modules-options-api_zh_CN.jar"/>
        <file crc="443053379" name="config/ModuleAutoDeps/org-netbeans-modules-options-api.xml"/>
        <file crc="2961637886" name="config/Modules/org-netbeans-modules-options-api.xml"/>
        <file crc="346426296" name="modules/org-netbeans-modules-options-api.jar"/>
    </module_version>
</module>
